"conversation_id_str","created_at","favorite_count","full_text","id_str","image_url","in_reply_to_screen_name","lang","location","quote_count","reply_count","retweet_count","tweet_url","user_id_str","username"
"1962178596489011540","Sun Aug 31 23:42:47 +0000 2025","161","@UnitBerita Sahroni : masih bisa senyum? Tentu masih. Kalian berharap aku sedih malu. Tentu tidak liat nilai Pendidikan Moral dan Agama semua di bawah rata-rata.","1962300062182306110","","UnitBerita","in","","0","0","0","https://x.com/undefined/status/1962300062182306110","1837274662117744640",
"1962300061775487043","Sun Aug 31 23:42:47 +0000 2025","0","Masuk polisi itu ada test psikologi gaa sih? Atau waktu pendidikan di benarkan memukul hingga tewas? Gokil jig masuk polisi bisa menghilangkan empati","1962300061775487043","","","in","","0","1","0","https://x.com/undefined/status/1962300061775487043","1359221958559236096",
"1962143356236005578","Sun Aug 31 23:40:55 +0000 2025","2","@Na_risa13 @tanyarlfes Padahal pekerjaaan pendidikan kesehatan sangat berpengaruh sama politik. Hehehe","1962299594118979987","","Na_risa13","in","","0","0","0","https://x.com/undefined/status/1962299594118979987","366582360",
"1962085460240699786","Sun Aug 31 23:38:47 +0000 2025","1","@Hikari_Tamagoyo @EdogawaHikari Kl Muhammadiyah msh bisa kita belain Kak. Mereka ormas yg gerak di dunia pendidikan mungkin anggotanya buta politik dan Petingginya mikir kemarin itu adalah bentuk mencapai kemaslahatan yang banyak padahal enggak. Semua itu akibat mereka buta politik. Sangat disayangkan.","1962299056539197567","","Hikari_Tamagoyo","in","","0","1","0","https://x.com/undefined/status/1962299056539197567","1748695610096750592",
"1962287935589580847","Sun Aug 31 23:38:21 +0000 2025","0","@iniaashaakkk tugas apa nih aayy? kebetulan aku punya bbrp tim dgn background pendidikan yg beragam jd siapa tau cocok dgn tugas kamu dikerjain ga pakai AI turnitin open request hasil disesuaikan dgn request dpt free revisi tugas tertentu free cover dafis dapus hasil on time~ harga nego","1962298946686165328","","iniaashaakkk","in","","0","0","0","https://x.com/undefined/status/1962298946686165328","3292335277",
"1962292614352499011","Sun Aug 31 23:35:29 +0000 2025","0","@uuliuuriuu Iya ya makanya mereka mikir pendidikan gak penting soalnya mereka gak sarjana aja bisa punya jabatan tinggi","1962298224942961029","","uuliuuriuu","in","","0","0","0","https://x.com/undefined/status/1962298224942961029","895997666064191488",
"1962298208488681509","Sun Aug 31 23:35:25 +0000 2025","0","padahal eksekutif juga bermasalah kebijakan gak jelas tp makan banyak anggaran (langsung sebut merk : MBG yg makan 40% lebih anggaran pendidikan kek apaan shibal) efisiensi yg malah bikin pajak daerah naik bcs dana alokasi ke daerah dikit","1962298208488681509","","","in","","0","0","0","https://x.com/undefined/status/1962298208488681509","1475907618531020803",
"1962005054183108755","Sun Aug 31 23:35:08 +0000 2025","0","@Opposisi6890 Baru lahir pendidikan hasil nyogok rata2 rusak","1962298136371814681","","Opposisi6890","in","","0","0","0","https://x.com/undefined/status/1962298136371814681","1803411869182599170",
"1962298058403942582","Sun Aug 31 23:34:49 +0000 2025","0","Sptnya yg akan bikin puas masyarakat adl keadilan: 1) berhentikan anggota dpr yg mbuat masy marah 2) batalkan semua tunjangan turunkan pjk hapus bagi menengah kebawah 3) rubah program pemerintah danantara msg dll ganti targetkan utk kesehatan pendidikan pkerjaan yg layak","1962298058403942582","","","in","","0","0","0","https://x.com/undefined/status/1962298058403942582","209941837",
"1962297508035756107","Sun Aug 31 23:32:38 +0000 2025","1","WKWK LUCU NYA ini kampus pendidikan guru lu kira kita ada duit sebanyak itu buat molotov sama sajam? lucu anjg lucu kontol","1962297508035756107","","","in","","0","0","0","https://x.com/undefined/status/1962297508035756107","1718882596019740672",
"1962297283049128441","Sun Aug 31 23:31:44 +0000 2025","0","Lebih mikirin anak koruptor daripada anak bangsa yang menderita kekurangan minim pendidikan atas ketidakadilan ini?? Masih pagi nih udah bikin emosyiii aja ","1962297283049128441","","","in","","0","0","0","https://x.com/undefined/status/1962297283049128441","402493630",
"1962297183417577687","Sun Aug 31 23:31:20 +0000 2025","0","adil lah bjil makanya melek woo wowooo rakyatmu itu masih banyak yg kurang mendapatkan secara pendidikan kesehatan dan lainnya masa gitu aja gak tau begoooo mau gua maki makiii ya luu nyebelin amat","1962297183417577687","","","in","","0","0","0","https://x.com/undefined/status/1962297183417577687","1718108962661548033",
"1962297036570857635","Sun Aug 31 23:30:45 +0000 2025","3","Diskusi berhubung integriti yang menjadi asas penting dalam keluarga pendidikan dan masyarakat membina Malaysia MADANI yang adil bersatu dan sejahtera. #AWANInews #AWANIPagi https://t.co/OA4egNfmvW","1962297036570857635","","","in","","0","0","1","https://x.com/undefined/status/1962297036570857635","497665754",
"1962293598260760828","Sun Aug 31 23:30:34 +0000 2025","0","@ws_parsito Tenang dan damai tapi gersang Tidak ada otak yang berpikir menggerakkan perbaikan thdp kerusakan yg dilakukan para politisi yg berkuasa. Tidak ada pendidikan politik beradab thdp amanah penderitaan rakyat. Rakyat yg kritis dilabeli perusuh teroris makar bahkan komunis dungu","1962296990638952568","","ws_parsito","in","","0","1","0","https://x.com/undefined/status/1962296990638952568","2191579651",
"1962296313502216350","Sun Aug 31 23:28:00 +0000 2025","1","2. 한예원 (Han Yewon) #DivorcedSinglesS7 - Bekerja di perusahaan pendidikan bahasa Inggris anak-anak - Lama pernikahan: 1 tahun 6 bulan - Memiliki anak laki-laki usia 4 tahun https://t.co/YRvreSZorp","1962296344191947216","https://pbs.twimg.com/media/Gzt6Gu9aAAAOvc9.jpg","dearlythv","in","","0","1","0","https://x.com/undefined/status/1962296344191947216","1221355863257927680",
"1962296313502216350","Sun Aug 31 23:27:53 +0000 2025","2","‍‍ 돌싱녀 결혼 유지 기간 &amp; 자녀 공개 Pengungkapan lama pernikahan &amp; anak dari para wanita yang sudah bercerai #DivorcedSinglesS7 1. 김명은 (Kim Myeongeun) - Asisten Manajer Tim Pendidikan di Kantor Pusat L Company H Mart - Lama pernikahan: 10 bulan - Tidak punya anak https://t.co/mqlzogc8bD","1962296313502216350","https://pbs.twimg.com/media/Gzt6FOeaAAAPbQV.jpg","","in","","1","1","0","https://x.com/undefined/status/1962296313502216350","1221355863257927680",
"1962295364129787916","Sun Aug 31 23:26:12 +0000 2025","0","@pcictud Prabowo Subianto masuk Akabri pada 1970 setelah pendidikan di luar negeri didorong ayahnya Sumitro Djojohadikusumo yang berpengaruh di bidang ekonomi dan politik. Ia lulus 1974 setelah 4 tahun pendidikan. Klaim gagal tes fisik atau psikotes di gambar itu tidak ditemukan di","1962295891559395424","","pcictud","in","","0","0","0","https://x.com/undefined/status/1962295891559395424","1720665183188922368",
"1962295772680249700","Sun Aug 31 23:25:44 +0000 2025","0","Arti Melihat Api Pertanda Siksaan dan Rezeki https://t.co/FKIkk9bth7","1962295772680249700","","","in","","0","0","0","https://x.com/undefined/status/1962295772680249700","1548631251111751680",
"1961941451530756247","Sun Aug 31 23:08:27 +0000 2025","0","@kozirama pendidikan rendah kemakan doktrin","1962291422398464368","","kozirama","in","","0","0","0","https://x.com/undefined/status/1962291422398464368","81998798",
"1962291268664676354","Sun Aug 31 23:07:50 +0000 2025","0","Open joki tugas Ilkom Hukum Pendidikan - Makalah - Essay - Jurnal - Artikel - KTI - Proposal - PPT - Resume - Review - Parafrase/turunin turnitin - Poster &amp; mindmap - formatting daftar isi halaman margin sesuai panduan kampus minat? wa ya https://t.co/sfSAAppW2m #zonauang","1962291268664676354","","","in","","0","0","0","https://x.com/undefined/status/1962291268664676354","1038173829976088576",
"1962290738794037447","Sun Aug 31 23:05:44 +0000 2025","0","Bodoh-bodoh ya pendukung Jokowi dan Prabowo.Emangnya rakyat yang mentalitasnya jadi tukang jarah doyan korupsi dan mabuk agama itu bukan hasil sistem pendidikan yang mabuk agama dan takhayul yang dicanangkan oleh Jokowi dan Prabowo bahkan tidak diperbaiki mikir WOI!","1962290738794037447","","","in","","0","0","0","https://x.com/undefined/status/1962290738794037447","1944149330929364998",
"1962290252254683244","Sun Aug 31 23:03:48 +0000 2025","0","adil sekali pak karna yg ga adil adalah anak anak yang tidak mendapatkan pendidikan yang layak dengan fasilitas sekolah yang baik dan memadai","1962290252254683244","","","in","","0","0","0","https://x.com/undefined/status/1962290252254683244","1216703098560729088",
"1962149667237417087","Sun Aug 31 23:01:54 +0000 2025","0","@DeliaRamadhan18 @akubucindonat @jadidinosaur @tanyarlfes ini tuh beneran cuma asbunkan. karna beliau orang yg ga mau salah dan kalah program ini tetep jalan walau belum dikaji lebih lanjut. ini program bagus tapi blum bisa dilaksanakan pada saat ini ka. jadi cuma buang2 anggaran yg seharusnya bisa dialokasikan ke pendidikan","1962289773093253444","","xxxnttta","in","","0","2","0","https://x.com/undefined/status/1962289773093253444","1142463252091195392",
"1962289375875866836","Sun Aug 31 23:00:19 +0000 2025","0","Selamat pagi semuanya~ Tarot open. Yuk cari tahu tentang percintaan pendidikan dan karir kamu lewat jasa baca tarot. Bisa langsung kontak ke telegram untuk reading. #zonauang https://t.co/j6w5M4VcDm","1962289375875866836","https://pbs.twimg.com/media/GztzyJlaIAANZuI.jpg","","in","","0","0","0","https://x.com/undefined/status/1962289375875866836","1120684088950542336",
"1962289304761401674","Sun Aug 31 23:00:02 +0000 2025","2","Staf Khusus Gubernur DKI Jakarta Bidang Komunikasi Chico Hakim menjelaskan satuan pendidikan yang tidak terdampak langsung atau tidak berada di lokasi rawan juga diberikan pilihan untuk melaksanakan kegiatan belajar mengajar dari jarak jauh. https://t.co/1NUXMvVt3X","1962289304761401674","","","in","","1","0","2","https://x.com/undefined/status/1962289304761401674","68930552",
"1962288510221914602","Sun Aug 31 22:56:53 +0000 2025","0","daridulu sama2 ikut skena punk masih konsisten punk ngetai2in yang harus sedikit meninggalkan skena punk karena kebutuhan pendidikan sekarang milih 02 dan memilih diam untuk hal seperti ini punknya kok sekedar fashion doang.","1962288510221914602","","","in","","0","0","0","https://x.com/undefined/status/1962288510221914602","1150072234033106945",
"1962288426734293285","Sun Aug 31 22:56:33 +0000 2025","0","Gilllaaaa Indonesia ketinggalan jauh dan akan semakin tertinggal jdi wajar kalao banyak daerah ingin berpisah dari Indonesia karena sekian tahun pembangunan tak menyentuh hal yg paling mendasar pendidikan dan kesehatan....","1962288426734293285","","","in","","0","0","0","https://x.com/undefined/status/1962288426734293285","1191146621926400000",
"1962221757231956108","Sun Aug 31 22:53:32 +0000 2025","0","@KotaNusantara Presiden Prabowo sadar pendidikan adalah kunci lepas dari kemiskinan","1962287670253817947","","KotaNusantara","in","","0","0","0","https://x.com/undefined/status/1962287670253817947","1709418874926739456",
"1962134084580503554","Sun Aug 31 22:51:10 +0000 2025","0","@dhimmy @KAI121 ternyata harus pakai pendidikan yg sesuai sama yg formasi minta. contoh formasi polsuska min pendidikan SLTA nah baru jurusannya keluar kak","1962287074901729326","","dhimmy","in","","0","0","0","https://x.com/undefined/status/1962287074901729326","1492180254655336450",
"1962286935294235006","Sun Aug 31 22:50:37 +0000 2025","7","Warisan Budaya Takbenda/WBTb UNESCO Indonesia: Keris; Wayang (Kulit/Golek/Klitik); Batik Canting/Cap; Pendidikan Pelatihan Batik; Angklung; Saman; Noken; Tiga Genre Tari Tradisional Bali; Pinisi; Pencak Silat; Pantun; Gamelan; Budaya Sehat Jamu; Reog Ponorogo; Kebaya; Kolintang.","1962286935294235006","","","in","","0","0","0","https://x.com/undefined/status/1962286935294235006","1584150314944692224",
"1962286923659313212","Sun Aug 31 22:50:34 +0000 2025","7","Warisan Budaya Tidak Ketara UNESCO Indonesia: Keris; Wayang (Kulit Golek Klitik); Batik (Canting Cap); Pendidikan dan Pelatihan Batik; Angklung; Saman; Noken; Tiga Genre Tari Tradisional di Bali; Pinisi; Pencak Silat; Pantun; Gamelan; Jamu; Reog Ponorogo; Kebaya; Kolintang.","1962286923659313212","","","in","","0","0","0","https://x.com/undefined/status/1962286923659313212","1584150314944692224",
"1962286259650621792","Sun Aug 31 22:47:56 +0000 2025","0","cepat sembuh Indonesia ku ️‍ pendidikan dilakukan pembelajaran daring sekarang selama 3 hari https://t.co/futwZltB0t","1962286259650621792","https://pbs.twimg.com/media/Gztw8-raEAAfAzr.jpg","","in","","0","0","0","https://x.com/undefined/status/1962286259650621792","1431215763881279494",
"1962145903671988294","Sun Aug 31 22:46:37 +0000 2025","3","@CNNIndonesia Hasil ekspor sda kemana aja Bos rakyat kok tidak merasakan apa apa. Malah rakyat masih dipajaki. Rakyat apa apa masih harus bayar pendidikan dan kesehatan itu hak rakyat 100% gratis. Jangan dikira rakyat tidak mengerti ","1962285928350884011","","CNNIndonesia","in","","0","0","0","https://x.com/undefined/status/1962285928350884011","1452061770672066562",
"1962285122167947584","Sun Aug 31 22:43:25 +0000 2025","0","apakah adil anak koruptor bisa dapet pendidikan bagus sampe ke luar negeri makan enak tiap hari foya-foya terus pamer di sosmed ketika anak-anak yang lain pada kelaparan pada engga bisa sekolah? kalau mereka bisa ikut nikmatin berarti adil juga buat mereka ikut menderita.","1962285122167947584","","","in","","0","0","0","https://x.com/undefined/status/1962285122167947584","1842818303808749568",
"1962285052114743799","Sun Aug 31 22:43:08 +0000 2025","0","Sementara antek-antek asing mau nguasain indo aja mikir2 walaupun SDAnya menggoda tp imo gambling bgt sda gede sdm yg begitulah (dan itu akibat ulah pemerintah yg gak majuin pendidikan &amp;kesehatan) jadinya boro2 anjir di wts juga gak laku","1962285052114743799","","","in","","0","1","0","https://x.com/undefined/status/1962285052114743799","1404908089468362752",
"1961504740854141385","Sun Aug 31 22:42:28 +0000 2025","0","@brfelindra Presiden Prabowo semangat banget memajukan pendidikan lewat akses internet 100 Mbps keren abis","1962284882476081554","","brfelindra","in","","0","0","0","https://x.com/undefined/status/1962284882476081554","1843214808759562240",
"1962284611473744342","Sun Aug 31 22:41:23 +0000 2025","7","Pengakuan Batik Indonesia UNESCO a. Warisan Budaya Takbenda 1) Batik (Canting Cap) [2009] 2) Pendidikan dan Pelatihan Batik [2009] b. Jaringan Kota Kreatif 1) Pekalongan Jawa Tengah [2014] 2) Surakarta [2023] World Crafts Council 1) Yogyakarta - Kota Batik Dunia [2014]","1962284611473744342","","","in","","0","0","0","https://x.com/undefined/status/1962284611473744342","1839955459979259909",
"1962284600790802455","Sun Aug 31 22:41:20 +0000 2025","7","Pengiktirafan Batik Indonesia UNESCO a. Warisan Budaya Tidak Ketara 1) Batik (Canting Cap) [2009] 2) Pendidikan dan Pelatihan Batik [2009] b. Jaringan Kota Kreatif 1) Pekalongan Jawa Tengah [2014] 2) Surakarta [2023] World Crafts Council 1) Yogyakarta - Kota Batik Dunia [2014]","1962284600790802455","","","in","","0","0","0","https://x.com/undefined/status/1962284600790802455","1839955459979259909",
"1962283343132889338","Sun Aug 31 22:36:21 +0000 2025","0","TEMPELEMG kau punya ANAK itu Itu cara Pendidikan ke Anak agar tau cara ber Empati ","1962283343132889338","","","in","","0","0","0","https://x.com/undefined/status/1962283343132889338","1869995130742362112",
"1962281885843030503","Sun Aug 31 22:35:07 +0000 2025","0","@katie8leung Ini skenario hipotetis sulit diprediksi pasti karena banyak faktor. Sjahrir sebagai sosialis dan pendukung demokrasi parlementer mungkin bikin Indonesia lebih stabil secara politik dengan fokus pada diplomasi dan pendidikan. Bisa ada kemajuan di hak sipil dan hubungan","1962283032322412694","","katie8leung","in","","0","1","0","https://x.com/undefined/status/1962283032322412694","1720665183188922368",
"1962165569517724088","Sun Aug 31 22:34:40 +0000 2025","0","@tatamaubelajar unwater akuu :)) pendidikan spesialis sih tp masi mkdu belom praktek di RS","1962282921672528176","","tatamaubelajar","in","","0","1","0","https://x.com/undefined/status/1962282921672528176","1058943990106480640",
"1961619397237510476","Sun Aug 31 22:34:35 +0000 2025","0","@Urrangawak @prabowo @Gerindra Harapan Gw Mau Pendidikan Gratis sampe sarjana","1962282900856164559","","Urrangawak","in","","0","0","0","https://x.com/undefined/status/1962282900856164559","185524348",
"1962179468489113897","Sun Aug 31 22:33:25 +0000 2025","0","@yorselves Apakah adil rakyat yg mati gegara lubang di jalan karena kualitas jalan yg dikorupsi? Apakah adil irigasi pertanian rusak gegara kualitas irigasi yg terkorupsi? Apakah adil generasi muda tenggelam dlm kebodohan karena anggaran pendidikan yg dikorupsi?","1962282606768341410","","yorselves","in","","0","0","0","https://x.com/undefined/status/1962282606768341410","1393643270",
"1962282437721108764","Sun Aug 31 22:32:45 +0000 2025","0","Gak pernah nyangka Indonesia bakal ada di titik sechaos ini. Yang sedihnya instansi pendidikan sampe jadi korban. Stay safe semuanya berangkat bareng pulang pun harus bareng ","1962282437721108764","","","in","","0","0","0","https://x.com/undefined/status/1962282437721108764","871963897749807108",
"1962282266165735721","Sun Aug 31 22:32:04 +0000 2025","0","lah kocak. apakabar anak2 Indonesia yg blm bisa dpt akses pendidikan kehidupan dan gizi yg baik pak?","1962282266165735721","","","in","","0","1","0","https://x.com/undefined/status/1962282266165735721","863702693730070528",
"1962173671881191597","Sun Aug 31 22:28:45 +0000 2025","4","@adityanstr @Yang_Tampan @whoopziiy Nah knp hanya kota besar yg Mahasiswa nya byk? Krn Pendidikan it tdk merata kualitasnya kawan kalo semua kampus sebagus di daerah ngapain org jauh2 ke luar???","1962281430568054924","","adityanstr","in","","0","1","0","https://x.com/undefined/status/1962281430568054924","1754642362008285184",
"1962280241835266240","Sun Aug 31 22:24:01 +0000 2025","1","bikin status wa kek orangorang karena w di instansi pendidikan. 'ayao jaga jogja' tp kayak agak janggal aja tp ywes","1962280241835266240","","","in","","1","1","0","https://x.com/undefined/status/1962280241835266240","1547498630",
"1962221740614095180","Sun Aug 31 22:22:29 +0000 2025","0","@KotaNusantara Presiden Prabowo buktikan pendidikan itu solusi utama lawan ketidaksetaraan","1962279854692556845","","KotaNusantara","in","","0","0","0","https://x.com/undefined/status/1962279854692556845","1701452413176303617",
"1962279491012849936","Sun Aug 31 22:21:02 +0000 2025","0","Gatau ah capek gatau ya pak perasaan dan capeknya anak beasiswa mempertahankan nilai demi bisa dpt pendidikan yg layak. Sedih tau pak kita liat anak koruptor dari kecil hidupnya enak mau pergi naik mobil sambil di kawal. Lah kita mah transum dari subuh sampe malem. Dahlah malas","1962279491012849936","","","in","","0","0","0","https://x.com/undefined/status/1962279491012849936","1547553873174220801",
"1962032895910125778","Sun Aug 31 22:18:40 +0000 2025","0","@kompascom PDIP adalah partai yg ikut merusak dunia pendidikan selama 10 tahun terakhir lihat banyak anak smp yang tidak bisa baca tulis.","1962278895488823493","","kompascom","in","","0","0","0","https://x.com/undefined/status/1962278895488823493","1093006753204039680",
"1962278698843083045","Sun Aug 31 22:17:53 +0000 2025","2","emang adil rayya meninggal grgr gapunya uang buat berobat? emang adil affan meninggal dalam keadaan nyari kerja seharusnya di umur segitu dia dapet pendidikan yg dijamin negara? MIKIR!","1962278698843083045","","","in","","0","0","0","https://x.com/undefined/status/1962278698843083045","1172783791821115392",
"1962027015646916745","Sun Aug 31 22:17:40 +0000 2025","150","@HabisNontonFilm Lagian sahroni ga bisa nulis sebagus itu. Tanda baca &amp; conversation dia amburadul. Kdg tulisan mewakili tingkat pendidikan seseorg. Ternyata betul. Nilai SMA sahroni rata2 enam tujuhnya cuma 1 biji doang ","1962278642068938928","","HabisNontonFilm","in","","0","0","4","https://x.com/undefined/status/1962278642068938928","1325990774169718784",
"1961352670767128582","Sun Aug 31 22:12:32 +0000 2025","24","@kekpe1er Gw semenjak kenal cowo pendidikan tinggi berlapis2 kalo ngomong agama macem ustadz tp kelakuan kek setan udah ga heran tiap liat/denger spesies manusia yg speknya begini krn pernah nemuin sendiri","1962277350089060475","","kekpe1er","in","","0","2","5","https://x.com/undefined/status/1962277350089060475","1109712032327061504",
"1962160034139472203","Sun Aug 31 22:12:01 +0000 2025","4","@msaid_didu Joko widodo perusak Hukum Jokowi perusak pendidikan nasional. Jokowi perusak jenjang karier TNI POLRI ASN. Jokowi perusak LOKER hanya untuk TERMUL KKN. Jokowi perusak BANSOS di salahgunakan di korupsi. Jokowi perusak persatuan Indonesia mengadu domba sesama anak bangsa.","1962277219394609391","","msaid_didu","in","","0","1","2","https://x.com/undefined/status/1962277219394609391","1850501854603726848",
"1962118163941953543","Sun Aug 31 22:11:24 +0000 2025","0","@DS_yantie Yahhhh susah ini masalahnya pendidikan politik kita diarahkan pada transaksi Kecuali Pilih partai aja Dan partainya cukup 3 atau 4 partai Betul gak @prabowo @KPU_ID Dan para ahli ahli politik","1962277065002299514","","DS_yantie","in","","0","0","0","https://x.com/undefined/status/1962277065002299514","1110913722325753857",
"1962276652156875121","Sun Aug 31 22:09:45 +0000 2025","0","Sejelek Jeleknya gue di Pendidikan pancasila. Gak 6 juga njir. Apa itu matematika 4?","1962276652156875121","","","in","","0","0","0","https://x.com/undefined/status/1962276652156875121","167311973",
"1962179468489113897","Sun Aug 31 22:09:24 +0000 2025","0","@yorselves Allahuakbar. Padahal anak2 lain diluar sana juga kelaparan kesulitan pendidikan belum tentu bisa menikmati waktu belajar. Gila gila. Presiden tapi ngga punya pikiran. Jumawa banget mentang2 58%","1962276562071605668","","yorselves","in","","0","0","0","https://x.com/undefined/status/1962276562071605668","942825481",
"1962276543310549391","Sun Aug 31 22:09:19 +0000 2025","0","Keberanian Dinsos Natuna Mencoba Cara Baru Buat Hilangkan Batasan Ekonomi Di Dunia Pendidikan #SRPutusKemiskinan https://t.co/BIJf8r4c5f","1962276543310549391","https://pbs.twimg.com/media/GztoHGqbIAAxrPD.jpg","","in","","0","0","0","https://x.com/undefined/status/1962276543310549391","1481488619051565059",
"1962274857984610749","Sun Aug 31 22:02:38 +0000 2025","0","RUMAH HOOK 2 LANTAI DIJUAL Rumah ini lokasinya di perumahan yang dekat dengan rumah sakit fasilitas hiburan fasilitas pendidikan mulai dari SD sampai Universitas dan daerah kuliner di kota Madiun. Rumah ini ditawarkan dengan harga 825 Juta Hubungi 081329704466 https://t.co/btxjElupyn","1962274857984610749","https://pbs.twimg.com/media/GztmlXqaYAAbNMh.jpg","","in","","0","0","0","https://x.com/undefined/status/1962274857984610749","1783369780122296320",
"1962274332283170821","Sun Aug 31 22:00:32 +0000 2025","0","tolong kalo kalian udah ga tau tujuan kalian apa turun ke lapangan selain yang utama di dpr pulang aja.. efek kalian turun ga ada tujuan banyak bgt salah satunya pekerjaan yang diliburkan/cuti &amp; pendidikan yang terpaksa diliburkan dan belajar dari rumah","1962274332283170821","","","in","","0","0","0","https://x.com/undefined/status/1962274332283170821","1675518921557053440",
"1962266662456934522","Sun Aug 31 21:53:23 +0000 2025","0","@tanyakanrl Kota serang juga sama. Edaran dari dinas pendidikan kota buat pembelajaran dari hari ini-4 sept baru keluar jam 22.30.","1962272531987177480","","tanyakanrl","in","","0","0","0","https://x.com/undefined/status/1962272531987177480","1444659854434394112",
"1962271584393335078","Sun Aug 31 21:49:38 +0000 2025","0","ngomongin kuliah artis aja ditawarin loncat langsung s2 gimana yang wapres tuh? secara diliat dari cara ngomong di publik aja kaya ga mengemban pendidikan tinggi","1962271586939265081","","kittyonenu","in","","0","0","0","https://x.com/undefined/status/1962271586939265081","1437185698667249664",
"1962271386166255634","Sun Aug 31 21:48:50 +0000 2025","0","sedang mendalami peran jadi orang yang tidur di hari Minggu sebagai lulusan S1 eh bangun di hari Senin pagi udah jadi lulusan S2. pendidikan bisa se sulapan itu ","1962271386166255634","","","in","","0","0","0","https://x.com/undefined/status/1962271386166255634","929724303699992576",
"1962049862914261048","Sun Aug 31 21:38:23 +0000 2025","2","@Puspen_TNI Naah ayo dounk Bpk TNI tangkap itu para provokator minimal kasih info ke pendemo siapa para penyusup biar bisa diberi pendidikan yg tepat","1962268758967525520","","Puspen_TNI","in","","0","0","0","https://x.com/undefined/status/1962268758967525520","894674906285170688",
"1962041459256807469","Sun Aug 31 21:36:49 +0000 2025","3","@bonkokob @tanyakanrl Tuh kan? Klo kurang literasi gampang kemakan hoax pendidikan rendah pasti bakalan dgn gampangnya digiring opininya seolah2 si Wowo kerjanya kompeten dan orang ‚baik . Ini nih tugas pemerintah jg utk ningkatin pendidikan di desa2 biar gak bodoh.","1962268363641471329","","bonkokob","in","","0","0","0","https://x.com/undefined/status/1962268363641471329","1444105691506020352",
"1962265638111682840","Sun Aug 31 21:26:00 +0000 2025","1","kondisi sekarang udah ranah pertikaian koalisi juga demo indonesia gelap/dana pendidikan yang harmless dan terkoordinasi aja dicap mahasewa ditunggangi dan segala macamnya oleh buzzer sementara akun2 tsb sekarang dukung bahkan menginisiasi serta taunting mahasiswa kemana? ","1962265641785888846","","inverskomposisi","in","","0","1","0","https://x.com/undefined/status/1962265641785888846","1233625219153055744",
"1962134285592268945","Sun Aug 31 21:22:34 +0000 2025","0","@tanyarlfes Lu dongo bener anj ini nih bukti kegagalan sistem pendidikan di Indonesia heran gw ama pacar lu pacaran ama orang oon pick me negara lagi kacau bisa dilihat dimana-mana dan elu masih ga ngerti juga emang dah kelewatan ketololan elu cocok jadi anggota DPR","1962264777172148281","","tanyarlfes","in","","0","0","0","https://x.com/undefined/status/1962264777172148281","1761574202707243008",
"1962264503154032758","Sun Aug 31 21:21:29 +0000 2025","1","Intinya hubungan itu harus setara. Bukan tentang ekonomi pendidikan dll. Tapi tentang keseriusan juga. Kan kasian kalau salah satunya untuk serius yang satunya untuk jalanin aja dulu.","1962264503154032758","","","in","","0","1","0","https://x.com/undefined/status/1962264503154032758","1792599958505615360",
"1962264414754857439","Sun Aug 31 21:21:08 +0000 2025","0","Dunia Pendidikan Butuh Inovasi Seperti Ini Supaya Gak Ada Lagi Anak Yang Tertinggal Ilmu #SRPutusKemiskinan https://t.co/BK9VUjZnfv","1962264414754857439","https://pbs.twimg.com/media/GztdFBub0AA-YT9.jpg","","in","","0","0","0","https://x.com/undefined/status/1962264414754857439","1692449728645214209",
"1962264036864929987","Sun Aug 31 21:19:38 +0000 2025","0","elu tolol dongo bego. Bukti kegagalan sistem pendidikan di Indonesia ini nih satu dongo aja bangga jancok","1962264036864929987","","","in","","0","0","0","https://x.com/undefined/status/1962264036864929987","1761574202707243008",
"1962237869038379249","Sun Aug 31 21:19:10 +0000 2025","1","@bleketetet Sistem pendidikan Indonesia tercabut dari kultur Indonesia akibat dari Pemerintah mengadopsi sistem pendidikan dari Luar. Bersyukur masih Ormas Islam NU dan Muhamadiyah konsisten. Akibatnya para Sarjana produk pendidikan pemerintah berpikir sekuler. Miskin rasa kemanusiaan","1962263921710321678","","bleketetet","in","","0","0","0","https://x.com/undefined/status/1962263921710321678","1825921155481612290",
"1962211405383516473","Sun Aug 31 21:09:26 +0000 2025","0","@narreth69 @SahroniNasdem Nilai ijazah SMP Ahmad Sahroni yang bocor menunjukkan rata-rata 6 termasuk mata pelajaran Pendidikan Moral Pancasila. Ini jadi sorotan setelah pernyataannya kontroversial dan penjarahan rumahnya. Menurut saya nilai masa lalu tak selalu ukur kompetensi sekarang tapi wajar jadi","1962261473444634646","","narreth69","in","","0","0","0","https://x.com/undefined/status/1962261473444634646","1720665183188922368",
"1962053826221113697","Sun Aug 31 21:08:50 +0000 2025","0","@regar_op0sisi @UGMYogyakarta Kesimpulan nya kelihatan nya seperti itu ya !!!!!! Pendidikan itu bukan untuk berbohong. #IndonesiaGelap","1962261318712561675","","regar_op0sisi","in","","0","0","0","https://x.com/undefined/status/1962261318712561675","1862119240867938304",
"1962247838114681047","Sun Aug 31 20:15:21 +0000 2025","0","taruh prioritas negara ini ke pendidikan supaya kalau mau mereka yang kalian salahin itu tidak bersikap kyk gini. kasih pemahaman ke masyarakat bukan cuma joget2 doang. kamu buat masyarakat gondok sampe segede kepalan tangan karena ulah2 kalian smua giliran mereka bereaksi kyk","1962247859421818973","","ghettoyouuuu","in","","0","1","0","https://x.com/undefined/status/1962247859421818973","1181061758066151429",
"1962247525299298593","Sun Aug 31 20:14:01 +0000 2025","0","gua sedih banget jujur ngeliat negara ini. sebagai orang yang ga mampu dalam finansial gua cukup merasakan susah nya pendidikan gratis di negara ini dan juga susah nya mendapatkan pekerjaan yang layak. jd kalau di tanya seberapa kecewa gua sangat amat kecewa.","1962247525299298593","","","in","","0","0","0","https://x.com/undefined/status/1962247525299298593","1489833482524459011",
"1962098086827979247","Sun Aug 31 19:59:19 +0000 2025","15","@nrfdlya_ @GoodRecom ya Allah pdhl rakyat kuliah ngorbanin ga cuma uang yg sgt byk tp jg waktu tenaga dan pikirann pdhl mereka org org yg harusnya cerdas dlm hal pendidikan supaya bisa menata negara dgn baik emg udh bobrok aja itu lembaga si","1962243825746972943","","nrfdlya_","in","","0","1","0","https://x.com/undefined/status/1962243825746972943","1499703080694468611",
"1961997086867779685","Sun Aug 31 19:44:55 +0000 2025","0","@Tidakapasabar @_xpecto_ @xremiums Beasiswa itu termasuk dalam program pemerintah yang sudah ada dalam UUD 45 pasal 31 ayat 1 jadi gak ada paksaan untuk mengembalikan. Karena mendapatkan pendidikan yang layak itu hak setiap warga negara Indonesia. Beda dengan gaji dan tunjangan DPR beda jauh konteknya","1962240202119983198","","Tidakapasabar","in","","0","0","0","https://x.com/undefined/status/1962240202119983198","1849070803662581760",
"1961504067701936444","Sun Aug 31 19:44:10 +0000 2025","0","@NoemeeBelonta Presiden Prabowo berani bawa perubahan lewat pendidikan 4 Pilar pelajar Mimika dapet nilai plus banget","1962240013904859361","","NoemeeBelonta","in","","0","0","0","https://x.com/undefined/status/1962240013904859361","1700051325629911040",
"1962239024225251335","Sun Aug 31 19:43:04 +0000 2025","0","@LambeGPT Sama seperti contoh sebelumnya doa dan ikhtiar harus seimbang untuk Indonesia jadi baldatun thayyibatun wa rabbun ghafur. Misalnya 20% doa (berdoa bersama untuk persatuan dan berkah) 80% ikhtiar (membangun infrastruktur pendidikan berkualitas ekonomi inklusif dan lingkungan","1962239738259378604","","LambeGPT","in","","0","1","0","https://x.com/undefined/status/1962239738259378604","1720665183188922368",
"1962235904816488835","Sun Aug 31 19:30:10 +0000 2025","1","kalo ngadepin dan liat buzzer tuh kek (((alah angin lalu))) tapi ngadepin komen organik yg emang hihhhhh murni ketidakpahaman dan egoisnya tuh DUARRRR RASA INGIN NGANTEMI mau ngatain oon juga kalo buka profilnya jelas banget kenapa mereka kek gitu (kurang pendidikan)","1962236490924294453","","olickya","in","","0","0","0","https://x.com/undefined/status/1962236490924294453","1674440769879543808",
"1962236345402974570","Sun Aug 31 19:29:35 +0000 2025","0","Yah ngentot giliran kaya gini auto bisu congor lu sagarontol kasian noh bapak lu ngebiayain pendidikan lu tapi anaknya jd hama masyarakat","1962236345402974570","","","in","","0","1","0","https://x.com/undefined/status/1962236345402974570","1418111542495649795",
"1962228242250936753","Sun Aug 31 19:22:49 +0000 2025","0","So @prabowo you are the president benahi kebijakan kalian menangani pendidikan Indonesia yang gak pernah nyentuh root cause-nya itu semua salah pemerintah","1962234639344640413","","melayarupa","in","","0","0","0","https://x.com/undefined/status/1962234639344640413","1894393541390209031",
"1962231144168186348","Sun Aug 31 19:08:55 +0000 2025","0","aksi massa anarkis disuruh tindak kalo yg anarkis mereka? ckckck akibat pas pendidikan yg dilatih cuma fisik dan korsa otak dan akalnya ga dikasih makan iya deh sipaling","1962231144168186348","","","in","","0","0","0","https://x.com/undefined/status/1962231144168186348","1241251729250742272",
"1962229129534906635","Sun Aug 31 19:06:54 +0000 2025","0","pendidikan sama kesehatan bisa aja GRATIS buat semua kalangan asal semua uang itu masuknya ga ke kantong orang2 yang gak punya akal pikiran tapi sok-sokan pengen jadi PELAYAN rakyat tapi masuk ke sektor yang seharusnya","1962230635680215456","","littlebitired_","in","","0","1","0","https://x.com/undefined/status/1962230635680215456","1875521047736545282",
"1961781252048236795","Sun Aug 31 19:02:00 +0000 2025","0","@potatoandsuch @jstordinrypple @kastratofe makanya perlu ad pendidikan anti korupsi sejak dini lu kayak blm prnh dpt pendidikan atau ajaran dari ortu tentang sesuatu yg boleh atau tidak boleh di lakukan","1962229400042385789","","shifuyuujak","in","","0","1","0","https://x.com/undefined/status/1962229400042385789","1625159847401648128",
"1962229129534906635","Sun Aug 31 19:00:55 +0000 2025","0","walaupun pendidikan lu gratis karena beasiswa dan soal kesehatan bpjs gratis juga bukan berarti lu ga ada hubungannya sama kejadian sekarang","1962229129534906635","","","in","","0","1","0","https://x.com/undefined/status/1962229129534906635","1875521047736545282",
"1962228669398782457","Sun Aug 31 18:59:05 +0000 2025","0","Simpel nya gini aja misal visi/misi utamanya soal ekonomi ya pilih yg sarjana ekonomi misalnya visi/misi utamanya soal kesehatan ya pilih yg sarjana/lulusan kesehatan misal yg visi/misi utamanya soal pendidikan ya pilih yg sarjana pendidikan dll (terlalu banyak kl disebut).","1962228669398782457","","","in","","1","1","0","https://x.com/undefined/status/1962228669398782457","1279878925",
"1962228199020192120","Sun Aug 31 18:57:13 +0000 2025","1","Mumpung Prabs lagi open discuss ada yang bisa kasih kumpulan bukti bahwa MBG itu gak efektif nggak sih.. kayak case keracunan porsi makanan sangat sedikit dll.. Sumpah dah sayang bgt anggaran 300 T buat makanan yang sia-sia.. better di alokasiin ke Pendidikan dan Kebencanaan","1962228199020192120","","","in","","0","1","0","https://x.com/undefined/status/1962228199020192120","859509709",
"1962226602844344605","Sun Aug 31 18:55:27 +0000 2025","0","trs mereka pikir mereka siapa sih? sebelum saat dan setelah nembakin/mukulin yg ada di pikiran mereka tuh apa sih? keren? atau emosi? gaada pelajaran cara kontrol diri kah pas pendidikan? trs pas pendidikan itu belajarnya fisik doang? gada ngasih makan otak? mustahil","1962227751483818103","","berrieslov","in","","0","1","0","https://x.com/undefined/status/1962227751483818103","1241251729250742272",
"1962226919208001712","Sun Aug 31 18:52:08 +0000 2025","0","emg dh paling bener fokus pendidikan aj","1962226919208001712","","","in","","0","0","0","https://x.com/undefined/status/1962226919208001712","1731502987",
"1962226199125733415","Sun Aug 31 18:49:16 +0000 2025","0","Yah dongo. Anak koruptor aja lu kasihanin giliran anak bangsa aja lu biarin. Mending lu perhatiin anak bangsa yang makan aja susah pendidikan aja terbatas. Sok simpati lu. Kalau simpati lu buat anak KORUPTOR simpan aja SIMPATI BASI lu itu. Sok paling tau penderitaan.","1962226199125733415","","","in","","0","0","0","https://x.com/undefined/status/1962226199125733415","1329806409827901440",
"1962224984023286183","Sun Aug 31 18:48:48 +0000 2025","0","walaupun telat gapapa lah. daripada yg masih babying wowok. lagian nyokap bokap udah terlanjur sibuk mikirin biaya pendidikan gue yg syukurnya bikin gue gak jadi golongan orang orang goblok. tapi yg masih muda masih banyak waktu buat belajar tapi tetep milih 02 mah tolol anjg","1962226079852323142","","sunkiluvl","in","","0","0","0","https://x.com/undefined/status/1962226079852323142","1255481618661326851",
"1962225493329236449","Sun Aug 31 18:46:28 +0000 2025","0","Kenapa malaysia tak ada demokrasi macam negara indonesia . Masalah anak muda di negara malaysia masih terkawal . Peluang pekerjaan peluang pendidikan tapi bila sistem ni rosak / kena scam . Anak muda akan bangkit minta rombak sistem .","1962225493329236449","","","in","","0","1","0","https://x.com/undefined/status/1962225493329236449","1595122243553857538",
"1962225089736487375","Sun Aug 31 18:44:52 +0000 2025","0","Pendidikan Moral Pancasila 6 = makanya kok agak Bahasa Indonesia 6 = makanya nyebut tolol dibilang pinter jadi ragu sama Magister Ilmu Komunikasinya YAA BEGINILAH BENTUKANNYA","1962225089736487375","","","in","","0","0","0","https://x.com/undefined/status/1962225089736487375","1265198022092152832",
"1962224519625707903","Sun Aug 31 18:42:36 +0000 2025","5","damn pendidikan PAUD-Kuliah di liburan di tanggal 1-4 september sangat berpengaruh kejadian akhir-akhir ini sekolah sampe diliburkan","1962224519625707903","","","in","","0","0","0","https://x.com/undefined/status/1962224519625707903","1176649768249937920",
"1961503975464943916","Sun Aug 31 18:36:51 +0000 2025","0","@NoemeeBelonta Inovasi pendidikan Presiden Prabowo bikin pelajar Mimika melek soal pentingnya hidup damai dan rukun","1962223071961780700","","NoemeeBelonta","in","","0","0","0","https://x.com/undefined/status/1962223071961780700","1942493308452007936",
"1961156951049461957","Sun Aug 31 18:36:08 +0000 2025","0","@KotaNusantara Visi Presiden Prabowo jelas mau bikin pendidikan bisa dinikmati semua orang","1962222894018339276","","KotaNusantara","in","","0","0","0","https://x.com/undefined/status/1962222894018339276","1699367121086812160",
"1962095963067281680","Sun Aug 31 18:31:25 +0000 2025","0","@prabowo Untuk para penyelenggara negara jangan pertontonkan dan menari nari di atas penderitaan rakyat seolah olah membakar lemak dan kalori dari hasil memakan bangkai rakyatnya sendiri yang mati karena kekurangan. Entaskan kemiskinan. Sandang pangan papan pendidikan etika dan moral.","1962221704673149160","","prabowo","in","","0","0","0","https://x.com/undefined/status/1962221704673149160","1579103444459491329",
"1962221560875589785","Sun Aug 31 18:30:51 +0000 2025","1","aku kayanya ngilang hampir 2 bulanan ngga nyentuh akun ini sm sekali krn sembunyi di akun gembok tbtb demo pgn ngetwit yg banyaakkk disini ah marah bgt .. kata siapa politik ngga berpengaruh di kehidupan sehari-hari? pendidikan skr lumpuh kaya gini apa-apa dr rumah huuft sebel","1962221560875589785","","","in","","0","0","0","https://x.com/undefined/status/1962221560875589785","1666793168426405888",
"1961967795383755137","Sun Aug 31 18:29:36 +0000 2025","0","@LoudMinorities Presiden =habib rijik Wapres = Ustad pelik show Menhankam = habib bahar semut Menteri keuangan = Ustad yusup Mansur Menteri agama = amin raes Menteri pendidikan = habib Jindan terjindan jindan","1962221247347220788","","LoudMinorities","in","","0","0","0","https://x.com/undefined/status/1962221247347220788","1427971200337154052",
"1962219609668649019","Sun Aug 31 18:23:05 +0000 2025","0","Susah memang klo bukan kualitas pendidikan naperbaiki biar nnt lebih banyak kampus dibanding rambutna anca klo tidak diajar bernalar sm bijaksana tetapji bebal","1962219609668649019","","","in","","0","0","0","https://x.com/undefined/status/1962219609668649019","413815461",
"1962112777205830002","Sun Aug 31 18:22:34 +0000 2025","3","@somexthread tambahkan dong lain kali kasih syarat pendidikan buat calon pejabat negara sumpah gw malu liatnya rakyat mo kerja byk bgt syarat sm tes nya sdgkn mereka modal licik sm duit haram pdhl lulus aja nilai minimum bgt tp bs ngolok² rakyat minimal toefl 500 ini aja syrt lulus s1","1962219478512759152","","somexthread","in","","0","0","0","https://x.com/undefined/status/1962219478512759152","1046005642517929984",
"1962219426717253829","Sun Aug 31 18:22:22 +0000 2025","0","KOCAG demo inikan awalnya juga damai² aja kan situ dan wakil² rakyat (katanya) lain ga mau mendengar Suka gaslighting sipaling salah asing milih wakil rakyat sering tolol-tololin rakyat wapres ngangong pendidikan &amp; kesehatan dinomor sekiankan","1962219426717253829","","","in","","0","1","0","https://x.com/undefined/status/1962219426717253829","1292777237637341184",
"1962167098119246090","Sun Aug 31 18:21:06 +0000 2025","6","@Notknowyu mereka tuh emg pas pendidikan diajarin buat nyulik yah? bener bener mahir bgt mahir gelagatnya","1962219108340203732","","Notknowyu","in","","0","1","0","https://x.com/undefined/status/1962219108340203732","1132797612346634240",
"1962198735863075243","Sun Aug 31 18:19:35 +0000 2025","0","@raasayshi @tanyakanrl Demi apasih kak? Baru pertama kali liat cowok pendidikan tinggi dapet cewek yang beringas","1962218728793444637","","raasayshi","in","","0","2","0","https://x.com/undefined/status/1962218728793444637","1413743079014559746",
"1962191377879773266","Sun Aug 31 18:17:00 +0000 2025","0","@eternalsaa Negara gila institusi pendidikan bukannya jadi safety zone malah dijadiin medan perang!","1962218075404837105","","eternalsaa","in","","0","0","0","https://x.com/undefined/status/1962218075404837105","1480573032410218496",
"1962217944110571850","Sun Aug 31 18:16:30 +0000 2025","0","3. Rakyat perlu stimulus bukan malah dibebani dan dijejali dengan rencana pengenaan pajak yang beragam. 4. Rakyat berterimakasih dg MBG &amp;SR tp yg lbh dibutuhkan adalah lap pekerjaan&amp;kegiatan ekonomi yg bergerak. Krn dg adanya pendapatan mrk bs memenuhi gizi&amp; pendidikan sendiri","1962217950070575608","","hrp_abd_72","in","","0","1","0","https://x.com/undefined/status/1962217950070575608","1922545065177808897",
"1962118163941953543","Sun Aug 31 18:13:52 +0000 2025","0","@DS_yantie itulah pentingnya pendidikan guna memutuskan sebuah pilihan terbaik. g cma mikir jangka pendek aja tp jangka panjang juga. jgn tergiur ama godaan yg sifatnya bs bikin kita rugi. semiskin² nya kita jgn mau di begoin lg buat hal² kek gini yg rugi kan juga jadinya kita sendiri.","1962217287299236151","","DS_yantie","in","","0","0","0","https://x.com/undefined/status/1962217287299236151","1836742740434120704",
"1962216977944268972","Sun Aug 31 18:12:47 +0000 2025","1","Pendidikan yang dimasudkan juga melalui dialog dua arah bukan semata menyuapi. Pendidikan memang jalan panjang dan melelahkan.","1962217014480781453","","selkecil","in","","0","1","0","https://x.com/undefined/status/1962217014480781453","944592764515127296",
"1962025092579221528","Sun Aug 31 18:10:12 +0000 2025","0","@tanyakanrl Betul kok tapi keduanya punya beban berbeda. Kejahatan terhadap rakyat yang dilakukan polisi itu berkali-kali lipat lebih parah mengingat mereka mengemban tugas untuk melindungi rakyat dan mereka secara setara dibekali pendidikan dan pembelajaran mengenai moral. this is why-","1962216365076680988","","tanyakanrl","in","","0","1","0","https://x.com/undefined/status/1962216365076680988","1778857946086354946",
